UserId,Email,Name,Role,CreatedDate
d1dd82f6-2f80-4407-8e4d-edf6925dbbc1,library-admin@gatech.edu,Georgia Tech Library,Admin,2020-01-01 00:00:00
ef7e4404-b79a-4914-ae09-560977e5f525,jacksonj24@gatech.edu,Jayden Jackson,Seller,2023-07-17 00:00:00
dee7cc61-0468-4456-90bb-2a14ccb1d5d2,eperez54@student.gatech.edu,Eleanor Perez,Seller,2023-10-10 00:00:00
a7d4ab36-b439-496b-9bbf-93ebd1751213,grace.ramirez2@gatech.edu,Grace Ramirez,Seller,2023-03-21 00:00:00
c53ddae3-4620-489e-9cd3-789b3d994789,vramirez35@student.gatech.edu,Violet Ramirez,Seller,2023-09-11 00:00:00
6616a701-2687-4c07-801f-990db0b24bee,aria.baker4@gatech.edu,Aria Baker,Seller,2023-03-23 00:00:00
305a56a7-784e-4a2f-8a8b-c910fc51e0c6,millers26@gatech.edu,Sofia Miller,Seller,2023-04-25 00:00:00
d72e1e3e-f5b3-4357-be98-7a55e67aad26,kinge24@gatech.edu,Emily King,Seller,2023-04-19 00:00:00
3fcd8e00-916a-41da-b4d4-d30ecfce8010,elijah.thompson2@gatech.edu,Elijah Thompson,Seller,2023-01-10 00:00:00
23e5704c-4159-444d-9b6e-1433f759ef8e,aiden.young2@gatech.edu,Aiden Young,Seller,2023-08-08 00:00:00
68a0fa0c-a005-4f17-81d7-a89c5d6fb749,vmartinez59@student.gatech.edu,Violet Martinez,Seller,2023-04-04 00:00:00
a32e3bb5-9275-472f-b20b-7a3740800631,harrisl26@gatech.edu,Leah Harris,Seller,2023-05-11 00:00:00
08c76978-86bc-4cbc-8e10-62ca575e814c,scotts24@gatech.edu,Samuel Scott,Seller,2023-04-16 00:00:00
1897ace3-298e-4a44-8e62-4605798efbfe,ramirezs25@gatech.edu,Sophia Ramirez,Seller,2023-12-19 00:00:00
78667283-2939-49d4-9566-415e10210691,vwilson24@student.gatech.edu,Violet Wilson,Seller,2023-11-11 00:00:00
c63c47ea-9de4-482c-9e0a-39c0c01186a0,dylan.brown4@gatech.edu,Dylan Brown,Seller,2023-02-25 00:00:00
db1bc6d4-dcee-4014-94e3-0ddc092c7021,hwilson10@student.gatech.edu,Henry Wilson,Seller,2023-03-05 00:00:00
9d3ab1c1-c594-49df-b62b-101f6650b7ba,mia.martinez1@gatech.edu,Mia Martinez,Seller,2023-07-31 00:00:00
bb3a4d94-bb18-4ad4-864d-6fc1e38ef346,garciae26@gatech.edu,Elizabeth Garcia,Seller,2023-07-16 00:00:00
abd7cc25-3422-4052-9e35-c52bff2fe6f7,ajackson90@student.gatech.edu,Avery Jackson,Seller,2023-08-28 00:00:00
68a2d2e5-aedf-49a3-83b3-8d9f279b21de,john.hill2@gatech.edu,John Hill,Seller,2023-11-14 00:00:00
8d57e117-6267-47a7-8a23-63bf4fe9d6db,gonzalezs25@gatech.edu,Samantha Gonzalez,Seller,2023-06-06 00:00:00
cbd2e762-55ca-4a6f-83ec-7f8e04114270,joshua.wright1@gatech.edu,Joshua Wright,Seller,2023-04-28 00:00:00
8c57f2a5-d174-4174-b955-9485b06c83dc,scampbell28@student.gatech.edu,Stella Campbell,Seller,2023-11-21 00:00:00
2e6365e9-8870-4bdf-8e58-6ab11b71cdcc,igarcia73@student.gatech.edu,Isaac Garcia,Seller,2023-05-03 00:00:00
ab4f1e28-14e4-4add-b8b1-84ae22ede8aa,thompsona25@gatech.edu,Andrew Thompson,Seller,2023-11-09 00:00:00
fe0833f9-94c0-4946-9d37-3097dc840c3e,dwhite88@student.gatech.edu,Dylan White,Seller,2023-04-17 00:00:00
34095f7b-8b38-4a03-a058-ef5f13681b6c,ebaker12@student.gatech.edu,Ethan Baker,Seller,2023-04-01 00:00:00
1fed330b-cfb8-4bd7-8a5a-0a9dccccc437,levi.hill1@gatech.edu,Levi Hill,Seller,2023-06-23 00:00:00
9a54fcc0-0f17-45ae-a694-0f99d2a86404,amelia.flores2@gatech.edu,Amelia Flores,Seller,2023-11-07 00:00:00
9f8232f5-8200-405d-ae99-d26afa7bcd1a,nguyenl24@gatech.edu,Lincoln Nguyen,Seller,2023-04-18 00:00:00
9ce3dbf5-0901-494c-ac78-a9f977c688aa,robertsm26@gatech.edu,Mia Roberts,Seller,2023-07-24 00:00:00
54f8cbb6-6666-43f1-9dc5-521e3aea4ba7,jallen66@student.gatech.edu,Jacob Allen,Seller,2023-09-27 00:00:00
41f757df-59d6-4069-ad7d-d2be2df4fafa,taylorh25@gatech.edu,Hannah Taylor,Seller,2023-10-08 00:00:00
6dada192-e566-4f73-b108-668d7e083872,aiden.green4@gatech.edu,Aiden Green,Seller,2023-02-06 00:00:00
e3b45726-3820-4251-bf25-77f96cedfadd,kingl24@gatech.edu,Lincoln King,Seller,2023-11-07 00:00:00
e364ca95-fce1-4689-8838-539472f7e0cd,davisc26@gatech.edu,Caden Davis,Seller,2023-08-20 00:00:00
0df343d0-de19-41ca-89a7-30c1be2dd462,alewis88@student.gatech.edu,Aria Lewis,Seller,2023-12-02 00:00:00
7b32d49b-853b-494e-a6a9-f0764ec14008,perezl25@gatech.edu,Liam Perez,Seller,2023-09-07 00:00:00
9b89f377-374f-400d-ba8d-6237dc867183,olewis45@student.gatech.edu,Owen Lewis,Seller,2023-12-28 00:00:00
4fe26732-fca2-4a73-873f-855386af5f46,evelyn.young1@gatech.edu,Evelyn Young,Seller,2023-11-12 00:00:00
e5e7e9ed-69d6-4134-975c-7df0d7baa458,amartin49@student.gatech.edu,Abigail Martin,Seller,2023-11-30 00:00:00
3fe19846-4754-4323-98b5-cf8c64ad8aa2,henry.martin4@gatech.edu,Henry Martin,Seller,2023-09-21 00:00:00
b924e1f5-d4a9-4f66-8f5a-08e27abf7179,gavin.gonzalez3@gatech.edu,Gavin Gonzalez,Seller,2023-01-08 00:00:00
3373eaa3-2bbb-41a0-9e33-7fc32a93e590,matthew.thomas4@gatech.edu,Matthew Thomas,Seller,2023-09-08 00:00:00
a3c7ed63-4d59-4114-a143-400ad36aae85,henry.sanchez1@gatech.edu,Henry Sanchez,Seller,2023-05-08 00:00:00
052e67b3-9cf5-46aa-b7dc-80f15f6ab607,nelsonr26@gatech.edu,Riley Nelson,Seller,2023-05-12 00:00:00
4aa85909-bb97-40c2-bc04-03e43ebb254d,chloe.wright1@gatech.edu,Chloe Wright,Seller,2023-05-23 00:00:00
3925cbb9-be78-4caf-85b8-83a92e2b2fdc,drivera65@student.gatech.edu,David Rivera,Seller,2023-06-15 00:00:00
1e14a50b-9d0a-40b9-b17b-ddd24c16a000,ella.wright4@gatech.edu,Ella Wright,Seller,2023-09-16 00:00:00
f2cf6107-668e-4a54-a22a-11214a9f4a04,lthomas69@student.gatech.edu,Luke Thomas,Seller,2023-05-12 00:00:00
fc40e0e6-9556-43cc-81e2-e4d8a7f61165,natalie.campbell1@gatech.edu,Natalie Campbell,Seller,2023-10-04 00:00:00
9efd1306-48ee-47c1-a72b-ce9c792a28c4,emily.rodriguez1@gatech.edu,Emily Rodriguez,Seller,2023-11-10 00:00:00
8ce15d73-a030-4bec-9fc7-ee0522b4e64b,ramireza26@gatech.edu,Aubrey Ramirez,Seller,2023-04-18 00:00:00
3f4f5afd-98bd-44c0-8cb2-e790e5696df6,williamsg25@gatech.edu,Grayson Williams,Seller,2023-07-21 00:00:00
5df10fe4-5979-4827-97d3-03a31e22ca1a,dgonzalez86@student.gatech.edu,David Gonzalez,Seller,2023-08-21 00:00:00
26db2f6a-b75e-4fab-8617-fc749cfe649d,johnsona26@gatech.edu,Aubrey Johnson,Seller,2023-07-26 00:00:00
d898c78a-8147-43e9-95f5-cec026a33c98,ajohnson44@student.gatech.edu,Andrew Johnson,Seller,2023-05-02 00:00:00
a2edd455-ceb1-4051-a1fd-c89edc3560e2,slopez68@student.gatech.edu,Stella Lopez,Seller,2023-08-31 00:00:00
65d7035e-6be2-4b7c-b0e7-1abbc6893157,lillian.wright4@gatech.edu,Lillian Wright,Seller,2023-08-06 00:00:00
0eaf2ae0-89d6-4430-8d69-a945571630af,iclark92@student.gatech.edu,Isabella Clark,Seller,2023-12-20 00:00:00
8c471965-8c87-48e4-8288-a1933a9200a0,ava.torres3@gatech.edu,Ava Torres,Seller,2023-02-24 00:00:00
10e32754-91f2-4799-a1d2-f0e6e4d24d50,aubrey.wright4@gatech.edu,Aubrey Wright,Seller,2023-12-30 00:00:00
4d75734f-b9a7-41ad-85a8-fdc4e7362ad7,gonzalezl24@gatech.edu,Levi Gonzalez,Seller,2023-10-15 00:00:00
c44be5ad-0b92-4125-b2c7-7795e4dd8b4d,harrisc25@gatech.edu,Chloe Harris,Seller,2023-05-05 00:00:00
4b81da1d-6b8d-4b0d-b1b1-e55d00b0c4e0,moorel24@gatech.edu,Liam Moore,Seller,2023-02-26 00:00:00
f88fe661-d664-4d2e-a083-c50fec958716,johnsonl25@gatech.edu,Lucas Johnson,Seller,2023-04-24 00:00:00
985017c9-c0c8-466d-9a2c-c9ceaacc0a95,eanderson27@student.gatech.edu,Elijah Anderson,Seller,2023-06-26 00:00:00
6b45ed72-4498-4cb1-929b-2c2472c142ce,williamsz24@gatech.edu,Zoey Williams,Seller,2023-05-01 00:00:00
a923ed89-1425-43ca-9d87-7a6d3c4e6023,lopezn26@gatech.edu,Noah Lopez,Seller,2023-02-08 00:00:00
de56bb5a-ca35-4a7a-9ac4-7b89a1a2f141,mason.campbell2@gatech.edu,Mason Campbell,Seller,2023-04-28 00:00:00
7113e8ec-7d52-4b7b-9979-08b2f5eed0d1,hperez40@student.gatech.edu,Harper Perez,Seller,2023-07-29 00:00:00
946aaacc-b013-448f-963e-98b3dc68ae78,awright56@student.gatech.edu,Ava Wright,Seller,2023-12-25 00:00:00
01a89744-c60f-4369-881f-4c7ec7f3f6f6,sadams57@student.gatech.edu,Samantha Adams,Seller,2023-04-06 00:00:00
dcaa3e0c-2e25-4b68-b0cf-80ed9914e1c5,lewisw25@gatech.edu,Wyatt Lewis,Seller,2023-11-21 00:00:00
c5e1b24b-9e1d-4f05-9e30-3bf60d607e2f,leec24@gatech.edu,Christopher Lee,Seller,2023-02-28 00:00:00
ab062126-0530-4fee-88a4-021d1a0c1c06,ajones29@student.gatech.edu,Aubrey Jones,Seller,2023-05-19 00:00:00
d5cf23df-d339-47a2-a512-b93909e3f2e9,jonesj25@gatech.edu,Jacob Jones,Seller,2023-11-07 00:00:00
4e971b5f-7b0e-4ce2-89af-5c443e3da2da,torrese26@gatech.edu,Elizabeth Torres,Seller,2023-04-14 00:00:00
8d408b66-6d25-47a9-be9f-bd996464a0cf,acarter52@student.gatech.edu,Aria Carter,Seller,2023-10-04 00:00:00
05608cd0-966b-43f1-8e9e-51fb3c103aa0,harper.garcia2@gatech.edu,Harper Garcia,Seller,2023-11-29 00:00:00
24c7412a-a6e8-4dd5-a910-5729ec0abed9,lbrown94@student.gatech.edu,Lily Brown,Seller,2023-01-05 00:00:00
f0537a0a-7728-4c19-8136-f3e28930371e,mperez87@student.gatech.edu,Michael Perez,Seller,2023-05-25 00:00:00
6caee1b1-19b3-4925-9dfa-e9ab85991a01,campbellw26@gatech.edu,Wyatt Campbell,Seller,2023-07-15 00:00:00
03e73bbf-4d07-49cb-9d9a-24da65cf3f02,emma.torres2@gatech.edu,Emma Torres,Seller,2023-03-09 00:00:00
dfd4fa17-a8ca-47f4-aef2-920cc7ab0e43,samantha.carter4@gatech.edu,Samantha Carter,Seller,2023-04-22 00:00:00
117ce747-c198-4255-86ae-e7e3b4b8e0f6,adamsg24@gatech.edu,Gavin Adams,Seller,2023-12-14 00:00:00
635e02ea-94ad-4635-a611-ec9d1637b37f,mallen66@student.gatech.edu,Mason Allen,Seller,2023-03-18 00:00:00
08749299-7152-4646-a140-96784280eb9c,nthompson50@student.gatech.edu,Natalie Thompson,Seller,2023-05-27 00:00:00
ba2b5c5a-fee2-4c50-8c37-ae4b401c2664,lopezl25@gatech.edu,Luke Lopez,Seller,2023-10-13 00:00:00
3222caaa-6ee5-4559-9c82-a26231533785,hernandezl25@gatech.edu,Lily Hernandez,Seller,2023-05-30 00:00:00
02aaaf54-fa4f-4c81-aefe-de6169bed30c,lmoore17@student.gatech.edu,Lincoln Moore,Seller,2023-03-02 00:00:00
0f99a117-de5c-41f7-9c62-c06621b62a79,lmiller42@student.gatech.edu,Levi Miller,Seller,2023-12-02 00:00:00
498fb1f4-2c5d-4e4f-93eb-14d5c9e5c67e,egreen68@student.gatech.edu,Ella Green,Seller,2023-07-13 00:00:00
b36c9a35-b7b8-432e-a67e-1523ebfa3f58,ltaylor55@student.gatech.edu,Leah Taylor,Seller,2023-08-09 00:00:00
4256ea85-21b6-4cb6-b110-99161f50d799,taylorj25@gatech.edu,Jacob Taylor,Seller,2023-08-25 00:00:00
979d9a38-03d4-4eec-b532-7c8138354f17,campbells24@gatech.edu,Scarlett Campbell,Seller,2023-11-04 00:00:00
f63b7846-130f-422d-bcf6-2a11d58fbe23,myoung22@student.gatech.edu,Mia Young,Seller,2023-03-07 00:00:00
608a0e87-362a-4bce-8f31-9cb8bd156661,marting25@gatech.edu,Grayson Martin,Seller,2023-04-25 00:00:00
e1b8d552-6c28-4ecc-be5c-2c72a2cec330,awalker64@student.gatech.edu,Aiden Walker,Seller,2023-10-10 00:00:00
643423a3-6b42-4418-94ad-2962be9ce930,matthew.moore4@gatech.edu,Matthew Moore,Seller,2023-11-07 00:00:00
b6d60abd-288c-4409-8aa8-5d53ddbdf2a4,henry.martin1@gatech.edu,Henry Martin,Student,2023-10-07 00:00:00
53535e81-6e24-4502-adca-d530b6ac152c,smitha24@gatech.edu,Aria Smith,Student,2023-09-24 00:00:00
6b248ce8-b272-441a-873c-d276fdad1535,abigail.scott3@gatech.edu,Abigail Scott,Student,2023-02-11 00:00:00
af57f025-3b19-41e2-a625-eb1eed91ee48,eperez82@student.gatech.edu,Elijah Perez,Student,2023-11-25 00:00:00
eb1c4183-fee0-4228-95cb-1a51ac386b56,sthomas57@student.gatech.edu,Sophia Thomas,Student,2023-02-23 00:00:00
5bbd3de1-e5aa-4d68-b59a-82db65fae6df,lmiller26@student.gatech.edu,Lillian Miller,Student,2023-04-03 00:00:00
fd83558d-eada-463e-9e50-5f4a09fbaf9c,martinezl26@gatech.edu,Lillian Martinez,Student,2023-05-29 00:00:00
4ec032b0-084f-41c1-bb26-194be7b610e3,chloe.lee3@gatech.edu,Chloe Lee,Student,2023-07-24 00:00:00
48602df1-7983-4b0b-8312-cf5a70b76523,millerd24@gatech.edu,Daniel Miller,Student,2023-05-13 00:00:00
bf33eebd-f541-48d8-89f5-1fb80fe6f260,jmitchell41@student.gatech.edu,John Mitchell,Student,2023-07-01 00:00:00
4cc31122-3def-4773-ab46-d80c77fec481,bakerj26@gatech.edu,Joshua Baker,Student,2023-04-15 00:00:00
c246c3cd-dedb-4cce-a0c1-c97137eb1339,ramireze24@gatech.edu,Evelyn Ramirez,Student,2023-09-01 00:00:00
e99e43b5-9fa4-4e54-ae99-0cb4226ceba7,hallj26@gatech.edu,Jacob Hall,Student,2023-12-29 00:00:00
0cc089ba-ac9c-4dc6-a749-d7bd385954ab,hannah.torres4@gatech.edu,Hannah Torres,Student,2023-04-12 00:00:00
5377c3bf-caf9-413e-815c-51e04716b72a,jflores21@student.gatech.edu,Jack Flores,Student,2023-07-03 00:00:00
3becf21e-a3fd-45e5-b327-6bc7a1bc57d8,lillian.brown2@gatech.edu,Lillian Brown,Student,2023-06-19 00:00:00
7e1e77f4-a08c-471c-8320-fdc5c819ea8f,samuel.johnson3@gatech.edu,Samuel Johnson,Student,2023-08-28 00:00:00
3ea6de0e-5102-4f87-9f0b-87e7e6d78fbd,daniel.lewis2@gatech.edu,Daniel Lewis,Student,2023-09-27 00:00:00
cda67fca-6cab-4aa4-89ca-c18408522662,hbrown22@student.gatech.edu,Harper Brown,Student,2023-07-10 00:00:00
dc984a08-f9bd-4401-b59e-c5759ee356d4,ewright37@student.gatech.edu,Emma Wright,Student,2023-11-08 00:00:00
35360b6a-41df-41a4-81d6-00339e949257,hhall91@student.gatech.edu,Hazel Hall,Student,2023-08-13 00:00:00
1ba716e2-0c65-43cb-b605-8024378bae50,ewalker64@student.gatech.edu,Emily Walker,Student,2023-10-27 00:00:00
6081f536-397a-477f-9e5a-9bfb0ae1af36,mjones93@student.gatech.edu,Mia Jones,Student,2023-11-07 00:00:00
7f453671-73f1-44ff-a406-6eca213bbbf5,owilson43@student.gatech.edu,Owen Wilson,Student,2023-12-08 00:00:00
fe64e201-8aab-49c2-ae4d-24210efcdad6,rodrigueza26@gatech.edu,Addison Rodriguez,Student,2023-04-27 00:00:00
cecd4d2e-c60e-4cf7-8881-11fa1ab9d92b,carter.harris2@gatech.edu,Carter Harris,Student,2023-11-02 00:00:00
76af1336-565a-46ad-9c20-3a38e84400f1,addison.hill4@gatech.edu,Addison Hill,Student,2023-04-27 00:00:00
14afbb71-2b4e-42aa-83ed-12b0f8f76a6c,danderson72@student.gatech.edu,Daniel Anderson,Student,2023-09-16 00:00:00
1b94d78d-6e95-49f5-a0b3-e57ecd66a379,williamsl24@gatech.edu,Lillian Williams,Student,2023-01-14 00:00:00
147df9ed-3976-4df0-b2ba-a76b682f4461,matthew.white2@gatech.edu,Matthew White,Student,2023-01-07 00:00:00
2a70fd69-c878-461b-beb1-10dcddcb35e0,sanchezo24@gatech.edu,Olivia Sanchez,Student,2023-01-25 00:00:00
10abdb9e-7a99-4973-81ef-c131ddd8c1ee,wilsona25@gatech.edu,Addison Wilson,Student,2023-08-26 00:00:00
eb4272a3-ae44-4db3-8a76-fb8a46f931db,greene25@gatech.edu,Emma Green,Student,2023-09-20 00:00:00
de6a87da-3b92-4db4-b098-00fe6ffe1fb9,jonesa25@gatech.edu,Aubrey Jones,Student,2023-10-10 00:00:00
19782118-3590-49ab-b0dc-f092ae2ed86b,campbelle24@gatech.edu,Emma Campbell,Student,2023-07-24 00:00:00
7546ae04-1ccc-4baa-9199-38973fba9a6e,christopher.nelson3@gatech.edu,Christopher Nelson,Student,2023-11-22 00:00:00
a6aa6736-99e1-43b4-a2d5-ee68a7699e8d,vcampbell98@student.gatech.edu,Violet Campbell,Student,2023-09-09 00:00:00
6f1784d4-62b1-4789-8f42-361722b8d01f,emily.lopez2@gatech.edu,Emily Lopez,Student,2023-08-03 00:00:00
cc8ee12d-7c90-4f98-b261-e79fc2056a79,younga26@gatech.edu,Ava Young,Student,2023-03-07 00:00:00
f787409b-51eb-44a1-b54e-b12f49fdec8a,millera24@gatech.edu,Andrew Miller,Student,2023-06-14 00:00:00
08b99985-7ab6-454c-86ef-be5c325559cb,jnelson28@student.gatech.edu,Jayden Nelson,Student,2023-10-28 00:00:00
ae39f2a4-ec20-49e1-83cd-4048964245be,torresl24@gatech.edu,Leah Torres,Student,2023-03-25 00:00:00
35199c9a-883a-4c5a-bd71-a9d7752fa72a,hillm26@gatech.edu,Matthew Hill,Student,2023-12-27 00:00:00
1fcb9b96-273a-4895-822d-c7bac74ad5bc,aperez18@student.gatech.edu,Abigail Perez,Student,2023-07-09 00:00:00
e86bc599-a7dc-456a-be59-4450e1ef6ec9,ehill42@student.gatech.edu,Eleanor Hill,Student,2023-09-25 00:00:00
82bb1842-e6da-4484-a217-bc2558f6317b,evelyn.rodriguez3@gatech.edu,Evelyn Rodriguez,Student,2023-11-04 00:00:00
933fbf18-0a5e-4651-aabe-334ff2a88307,imartin58@student.gatech.edu,Isabella Martin,Student,2023-05-29 00:00:00
3794d69d-03ec-41db-9b00-5e37fc5e57c7,addison.white4@gatech.edu,Addison White,Student,2023-07-10 00:00:00
fb316908-b31e-4cf9-84b6-c2375e72291f,ngonzalez40@student.gatech.edu,Natalie Gonzalez,Student,2023-11-12 00:00:00
b0a2c620-7bc5-4b0f-8207-77a349b1c3f3,lillian.nelson4@gatech.edu,Lillian Nelson,Student,2023-07-25 00:00:00
20bb92ff-a154-4bc3-bd39-51876d7db2e6,amelia.nelson4@gatech.edu,Amelia Nelson,Student,2023-11-25 00:00:00
63b00c30-3dac-4ff3-b1b2-45f9895ed7da,lcarter40@student.gatech.edu,Lillian Carter,Student,2023-10-06 00:00:00
4bc8ea90-25ca-4998-a980-1366a98368ee,vharris11@student.gatech.edu,Victoria Harris,Student,2023-05-10 00:00:00
f6366179-f6ed-4dd6-a4b0-13394f5de55c,martinezc26@gatech.edu,Christopher Martinez,Student,2023-01-08 00:00:00
eb19b4cb-e0da-47d5-8a2c-4938bf312f02,natalie.hill3@gatech.edu,Natalie Hill,Student,2023-05-24 00:00:00
3900d46c-c3b4-48dd-8b7d-e5ab9920fa22,riverah24@gatech.edu,Hazel Rivera,Student,2023-06-09 00:00:00
a0ae69ae-ded6-46de-91e9-1d5b069d1882,jwalker51@student.gatech.edu,Jacob Walker,Student,2023-03-11 00:00:00
cd9ec33f-2372-4a07-bf83-dea8b18a9e78,violet.garcia1@gatech.edu,Violet Garcia,Student,2023-06-04 00:00:00
9a2d72ab-3772-471e-9a76-1286977fdd7b,aria.sanchez3@gatech.edu,Aria Sanchez,Student,2023-08-18 00:00:00
e10b4fff-eff5-43d5-be06-6cca5a311af2,emma.jones3@gatech.edu,Emma Jones,Student,2023-02-19 00:00:00
f93b6be2-a5c5-4f9b-b04f-bbb4c40406c5,liam.young4@gatech.edu,Liam Young,Student,2023-07-04 00:00:00
0ffcb5fc-20de-4500-bc4a-cd00f73d2f28,clarkj26@gatech.edu,Jackson Clark,Student,2023-12-01 00:00:00
c1f311ee-c9f9-4b73-846c-965dfc0b9509,nhill92@student.gatech.edu,Noah Hill,Student,2023-08-14 00:00:00
6e004d7f-8a05-4211-9539-8d55d6238826,riley.rivera1@gatech.edu,Riley Rivera,Student,2023-12-18 00:00:00
a4a91365-1e64-4df2-8bb4-8e75ff98ea45,jackson.torres3@gatech.edu,Jackson Torres,Student,2023-08-05 00:00:00
62a20352-aea2-4364-a7c4-2072d5ff5f9b,robertsa26@gatech.edu,Avery Roberts,Student,2023-06-03 00:00:00
2381e71f-cabf-4f93-a9e4-845800b6aa4b,scarlett.martin4@gatech.edu,Scarlett Martin,Student,2023-12-15 00:00:00
b436c56e-e988-432e-bab4-4c73f1115ac5,wyatt.adams2@gatech.edu,Wyatt Adams,Student,2023-05-09 00:00:00
3816c244-0f76-4160-816e-e9f58bc8c216,lucas.ramirez4@gatech.edu,Lucas Ramirez,Student,2023-04-11 00:00:00
a4dad341-0784-4785-a31c-a73f1fa67c32,hannah.clark1@gatech.edu,Hannah Clark,Student,2023-12-24 00:00:00
e9161abe-340e-40ea-b3e1-be9589f51e3f,millerm25@gatech.edu,Mason Miller,Student,2023-08-24 00:00:00
a93f42ea-35cc-4b8e-bca0-ec1417239d5e,gmiller98@student.gatech.edu,Gabriel Miller,Student,2023-01-30 00:00:00
0ef225b7-1628-4b18-82d6-9cd6ac07126f,torrese24@gatech.edu,Ella Torres,Student,2023-07-09 00:00:00
88e3771f-f85a-4a17-b3fd-6986e5d72dc7,williamse26@gatech.edu,Ethan Williams,Student,2023-04-29 00:00:00
c216c89c-1fd3-400a-9cc1-31a7bf18ab9e,djones74@student.gatech.edu,David Jones,Student,2023-05-27 00:00:00
943aef97-68e2-4443-9a27-236020ff6fd8,jackson.miller4@gatech.edu,Jackson Miller,Student,2023-11-21 00:00:00
35895f18-0bf7-4a64-a7e6-30712f1b933b,nscott14@student.gatech.edu,Natalie Scott,Student,2023-10-22 00:00:00
bcafe5d5-68a6-4c40-8f87-c993f483375e,smiller63@student.gatech.edu,Samuel Miller,Student,2023-05-31 00:00:00
ce4f25dc-ca86-43ff-afbd-a443dc155d81,julian.nguyen3@gatech.edu,Julian Nguyen,Student,2023-03-05 00:00:00
fcbb8045-2c56-4e7b-b9c9-fbd861258c05,dylan.thompson2@gatech.edu,Dylan Thompson,Student,2023-03-13 00:00:00
436254ee-5756-467c-93e1-24cbf252a208,harrisa25@gatech.edu,Aubrey Harris,Student,2023-10-25 00:00:00
90c4b473-0af9-49e8-b777-543b3a6b2c51,torresl26@gatech.edu,Lillian Torres,Student,2023-04-27 00:00:00
39e41599-94a5-4acf-9113-6cfff081db41,emiller15@student.gatech.edu,Elijah Miller,Student,2023-08-12 00:00:00
0d8985d6-488b-4395-9ba5-80ece2dbff36,robertsa24@gatech.edu,Aria Roberts,Student,2023-10-11 00:00:00
ccb6a386-3465-4d0c-9670-0f2e4576c2a0,sophia.martin1@gatech.edu,Sophia Martin,Student,2023-07-19 00:00:00
55faf3a2-6300-456a-836e-a953f9f334d1,whitej24@gatech.edu,Jayden White,Student,2023-01-19 00:00:00
76ccbd71-351e-41fd-a9b0-463b84cf7c35,samuel.adams3@gatech.edu,Samuel Adams,Student,2023-05-10 00:00:00
1aa612a9-ffa1-400c-a521-a04818eb52e8,noah.green2@gatech.edu,Noah Green,Student,2023-06-18 00:00:00
30eb5a67-fe19-49f4-983c-0f929ace93f3,rodriguezs25@gatech.edu,Sofia Rodriguez,Student,2023-01-22 00:00:00
e3284fbb-63e3-4921-8811-3c9ac1d6d1b7,halla24@gatech.edu,Addison Hall,Student,2023-11-30 00:00:00
cfc76ba4-a4e7-483d-8aba-188ff0e047bc,noah.king2@gatech.edu,Noah King,Student,2023-05-08 00:00:00
a52724cd-460e-42de-ae3e-77dba63e3471,amelia.adams4@gatech.edu,Amelia Adams,Student,2023-04-11 00:00:00
bb815c82-6b71-494f-8c56-a9b54a25693d,andrew.jones1@gatech.edu,Andrew Jones,Student,2023-06-11 00:00:00
ae26efe6-5ff2-478c-90f3-a4238f95b8d1,aadams48@student.gatech.edu,Avery Adams,Student,2023-07-20 00:00:00
b0600e39-299d-47e0-b206-05e2a78819e0,henry.ramirez4@gatech.edu,Henry Ramirez,Student,2023-02-16 00:00:00
0f3d2dbf-08c1-4b97-bac2-3e0ac28b8ab2,halll24@gatech.edu,Lillian Hall,Student,2023-04-23 00:00:00
97e021dd-0223-4509-95ab-2160a98dad8a,gjohnson83@student.gatech.edu,Gavin Johnson,Student,2023-02-11 00:00:00
fb5b71d0-fc2e-4b15-b04d-2a27567c62da,mitchellj25@gatech.edu,Jayden Mitchell,Student,2023-10-26 00:00:00
777a47b1-9bb1-402d-93ce-2bb124d0112e,martinj25@gatech.edu,Julian Martin,Student,2023-12-13 00:00:00
5be6003e-5091-405c-a818-2ac711ac2c6a,vjones66@student.gatech.edu,Violet Jones,Student,2023-01-12 00:00:00
39ac2ee1-e168-4d79-a0f5-03fe3f8b7383,ctaylor35@student.gatech.edu,Carter Taylor,Student,2023-09-16 00:00:00
47f09351-4ecf-44fb-b6da-fa9a4eefc686,lflores37@student.gatech.edu,Lily Flores,Student,2023-02-04 00:00:00
4ebce345-9fa8-43d1-bc28-b8d170652c01,jack.lewis4@gatech.edu,Jack Lewis,Student,2023-10-15 00:00:00
038b3d61-1d61-4d88-809b-9b1bd5c9131b,awright24@student.gatech.edu,Avery Wright,Student,2023-03-14 00:00:00
6c5511ac-0d2a-4c80-82c8-32b0a59eb189,glee54@student.gatech.edu,Grayson Lee,Student,2023-02-12 00:00:00
467677c3-30f6-4634-b114-fdde737a56bf,john.clark4@gatech.edu,John Clark,Student,2023-12-30 00:00:00
a6cd7df3-b292-4497-956f-ce3ab4f98b15,ethomas20@student.gatech.edu,Emma Thomas,Student,2023-11-17 00:00:00
cc4f6e7b-d022-4266-803e-e89c015c8ad0,aria.young2@gatech.edu,Aria Young,Student,2023-08-07 00:00:00
223cd25b-4760-41ef-898f-f14a65d28ede,dmoore31@student.gatech.edu,David Moore,Student,2023-05-20 00:00:00
09622257-d156-44ba-9bfd-5ad2f4fa14b7,hlee74@student.gatech.edu,Henry Lee,Student,2023-07-16 00:00:00
8da158c0-940b-4e3c-a5ee-ccad99828855,ebrown12@student.gatech.edu,Elijah Brown,Student,2023-07-12 00:00:00
173f43cd-1bc6-48b4-808a-1aa9f35fb7f6,aria.nelson1@gatech.edu,Aria Nelson,Student,2023-09-12 00:00:00
13c9b1bb-50e8-42c1-873d-0b9af9bd0e91,zhall97@student.gatech.edu,Zoey Hall,Student,2023-06-24 00:00:00
6574134a-f747-465e-b56f-55ef41988d3b,ajones64@student.gatech.edu,Ava Jones,Student,2023-10-13 00:00:00
87f7ddb4-d079-4900-ac25-4b088b183cee,torresm26@gatech.edu,Mason Torres,Student,2023-10-30 00:00:00
c53d69eb-bae2-4f98-92c1-9eb5d2d0da7d,zoey.moore4@gatech.edu,Zoey Moore,Student,2023-09-27 00:00:00
858cf31c-0169-4036-9fe4-be355e255073,jack.torres4@gatech.edu,Jack Torres,Student,2023-09-07 00:00:00
16aaccf9-bc8b-455d-9e08-23b479fd4af4,jrivera69@student.gatech.edu,Jayden Rivera,Student,2023-04-11 00:00:00
3f9929c4-805d-4312-9c30-beb124ce0bed,alleng26@gatech.edu,Gabriel Allen,Student,2023-08-02 00:00:00
ed8fe29a-52e8-459e-92bd-0c7becfeaa8d,leah.lewis2@gatech.edu,Leah Lewis,Student,2023-01-29 00:00:00
96020bbd-cc89-4d6c-8b5d-d72170906096,hramirez51@student.gatech.edu,Henry Ramirez,Student,2023-06-16 00:00:00
8f852595-b9cc-4a19-8221-5d0bd595406d,adamss25@gatech.edu,Sophia Adams,Student,2023-09-15 00:00:00
84f10e18-8baa-409d-8ae0-0efc669757e6,jacksone24@gatech.edu,Eleanor Jackson,Student,2023-05-16 00:00:00
2be437ca-34e7-4ac0-9ab0-e5f2aeb535b9,groberts27@student.gatech.edu,Grayson Roberts,Student,2023-10-30 00:00:00
7b148da1-4772-4707-b0e4-29ffedba5eba,grayson.roberts1@gatech.edu,Grayson Roberts,Student,2023-07-14 00:00:00
8c49513a-98c3-4113-becd-0202929e209f,nguyens24@gatech.edu,Stella Nguyen,Student,2023-05-26 00:00:00
6e357c4f-4bdb-4596-953a-75d5c10599c9,itorres24@student.gatech.edu,Isaac Torres,Student,2023-12-07 00:00:00
db6e7adb-9c30-4eb0-b8dc-8b10dcdbb7d8,vadams22@student.gatech.edu,Victoria Adams,Student,2023-06-09 00:00:00
29a58aa2-faa4-42b3-bfbd-c4327f1958c4,ajackson76@student.gatech.edu,Andrew Jackson,Student,2023-05-02 00:00:00
8fda44ef-f22c-4b43-8272-1d7dcec70b4e,gabriel.wright3@gatech.edu,Gabriel Wright,Student,2023-02-07 00:00:00
b73e165d-ea95-4c2b-9cdc-718c2c03fdde,riley.robinson2@gatech.edu,Riley Robinson,Student,2023-04-24 00:00:00
c3f3085e-a7d7-4291-a9ef-49a1d4afe6b9,mia.gonzalez4@gatech.edu,Mia Gonzalez,Student,2023-04-18 00:00:00
2293eaf2-aee0-474f-8ff9-73fe8f6212bf,rodriguezo26@gatech.edu,Olivia Rodriguez,Student,2023-11-05 00:00:00
c296b963-3fc2-463e-bca2-a973d18937c2,hannah.lewis3@gatech.edu,Hannah Lewis,Student,2023-12-06 00:00:00
672d1465-cfd2-40ed-86c7-292a59c315fe,joseph.roberts1@gatech.edu,Joseph Roberts,Student,2023-01-26 00:00:00
5236ed27-b764-40b1-8dd0-e6065d640e72,lees24@gatech.edu,Samantha Lee,Student,2023-03-31 00:00:00
57e05922-7e11-454e-90f8-3c7e8fc69de8,kingc25@gatech.edu,Charlotte King,Student,2023-09-23 00:00:00
5a550e7a-c6c6-4276-b271-a12aa04aa7d1,ggarcia32@student.gatech.edu,Grace Garcia,Student,2023-11-06 00:00:00
98afcaa0-96a9-4931-9034-fde28dbb9b65,amelia.nelson1@gatech.edu,Amelia Nelson,Student,2023-10-09 00:00:00
e2f048fa-a6f8-4986-bd6b-107ba8b65788,jgreen71@student.gatech.edu,Joseph Green,Student,2023-01-10 00:00:00
91d7da01-ff3f-4003-9f9f-cdeb8ea9c8ee,vwhite74@student.gatech.edu,Violet White,Student,2023-04-08 00:00:00
96f7714a-e9d1-4656-8477-cdb0e844cf24,owen.jones2@gatech.edu,Owen Jones,Student,2023-09-24 00:00:00
e3b25952-0459-4f7e-bcad-1affba07c9df,carter.hill3@gatech.edu,Carter Hill,Student,2023-11-06 00:00:00
9713404a-f2f5-48d3-b6d6-6d1cd149191d,matthew.lee4@gatech.edu,Matthew Lee,Student,2023-08-31 00:00:00
c6ed85d4-6f50-4a1d-abea-b59733341e96,adavis81@student.gatech.edu,Amelia Davis,Student,2023-02-27 00:00:00
aa160c6e-b59d-46ea-b6bc-87dfd91d00ae,dmiller75@student.gatech.edu,Daniel Miller,Student,2023-08-18 00:00:00
b772a1c2-2f17-4e6d-bee3-d4bd6a60a60a,carterd25@gatech.edu,Dylan Carter,Student,2023-11-09 00:00:00
fc4d355c-193d-4168-985d-2d9f0605197f,riley.adams2@gatech.edu,Riley Adams,Student,2023-09-14 00:00:00
1eb2bef1-8266-4064-8d93-611cd19c8809,gavin.smith3@gatech.edu,Gavin Smith,Student,2023-10-14 00:00:00
c59f73fd-5aaf-4d00-a406-6b36edd32326,slopez82@student.gatech.edu,Stella Lopez,Student,2023-09-01 00:00:00
0da0e79f-58fe-40bd-b561-8dee9ef74c32,nelsonn25@gatech.edu,Natalie Nelson,Student,2023-06-18 00:00:00
e6dc23bb-fadb-401d-ad2c-efd18948ffdf,ramirezd25@gatech.edu,Dylan Ramirez,Student,2023-03-30 00:00:00
1348d292-04c0-41be-bad3-914d43ebdea1,grayson.williams3@gatech.edu,Grayson Williams,Student,2023-02-28 00:00:00
4ef7f588-67e0-46d6-b92e-8012e5d4b2d2,violet.thomas1@gatech.edu,Violet Thomas,Student,2023-12-05 00:00:00
7e25ec8f-f863-4b96-bdce-edff2d8d2908,daniel.taylor2@gatech.edu,Daniel Taylor,Student,2023-01-30 00:00:00
a5ad543c-6233-4241-a89a-830cc3643103,dyoung93@student.gatech.edu,Daniel Young,Student,2023-10-03 00:00:00
0bbdaeb9-0478-4561-9413-b8ee2368343c,rodriguezm26@gatech.edu,Michael Rodriguez,Student,2023-10-08 00:00:00
c1d107cd-71f4-4e31-bc53-f3eda370a47a,jking27@student.gatech.edu,Joshua King,Student,2023-08-17 00:00:00
e5a9dade-e659-4894-b6a0-454503e187cc,amiller21@student.gatech.edu,Aubrey Miller,Student,2023-12-11 00:00:00
8364cc37-15e3-4827-a833-70d30549df7c,perezj24@gatech.edu,Joshua Perez,Student,2023-11-25 00:00:00
09b79d7d-07d2-44a6-94b1-9d129ff30aae,grace.clark3@gatech.edu,Grace Clark,Student,2023-12-24 00:00:00
6da9494c-4148-4a3c-bf0c-309b6f514819,gabriel.harris1@gatech.edu,Gabriel Harris,Student,2023-05-14 00:00:00
c0b2fa73-508f-4713-949a-2cea691f458c,wilsonv24@gatech.edu,Victoria Wilson,Student,2023-01-27 00:00:00
fd3bc5c0-b436-4aa1-a4ac-ec1171f5b803,olivia.baker3@gatech.edu,Olivia Baker,Student,2023-06-10 00:00:00
5965897a-58c3-4f59-8e18-cb48e91eeb0c,natalie.white4@gatech.edu,Natalie White,Student,2023-02-22 00:00:00
51014213-c379-4020-80eb-557572c26816,swhite33@student.gatech.edu,Stella White,Student,2023-11-07 00:00:00
8928e098-9670-4573-945b-bf916d866795,cwalker29@student.gatech.edu,Carter Walker,Student,2023-11-04 00:00:00
cc7e3d10-cb31-415b-9c4c-5e3941eede18,mnguyen89@student.gatech.edu,Michael Nguyen,Student,2023-09-18 00:00:00
74323145-5d10-44bc-89c1-1132068456e3,harper.roberts1@gatech.edu,Harper Roberts,Student,2023-01-10 00:00:00
804784bb-e3ef-4125-a156-8b579c228043,lyoung34@student.gatech.edu,Levi Young,Student,2023-10-02 00:00:00
87f45690-7895-42ab-9e48-cf07ea39e011,harrisc26@gatech.edu,Caden Harris,Student,2023-08-04 00:00:00
9c5eeb80-6cf4-435f-b500-9e9a2427bb10,isaac.nguyen3@gatech.edu,Isaac Nguyen,Student,2023-02-24 00:00:00
30691556-12b6-4e7b-ab6f-2d09ac3c35a0,lopezj24@gatech.edu,Jayden Lopez,Student,2023-05-12 00:00:00
6adefb17-1e92-4312-ba54-0e87bc45e411,ldavis26@student.gatech.edu,Levi Davis,Student,2023-01-03 00:00:00
2ef7b375-71eb-4fd2-9f8d-2b20b946f53e,riley.lewis2@gatech.edu,Riley Lewis,Student,2023-09-29 00:00:00
fa4a8448-feb7-4e09-a265-6734201ded3b,dylan.wilson3@gatech.edu,Dylan Wilson,Student,2023-08-26 00:00:00
e40cef43-5403-4514-b26c-e1fa9fde0207,clopez35@student.gatech.edu,Chloe Lopez,Student,2023-03-01 00:00:00
d07eb5db-4420-4aad-a8db-0d524ab917d3,nelsonl25@gatech.edu,Levi Nelson,Student,2023-04-16 00:00:00
0d429b88-08ee-4040-a5d9-8ce0f7932d4c,joshua.jones4@gatech.edu,Joshua Jones,Student,2023-12-07 00:00:00
5a201055-1037-4036-9d6f-5532c2a1b9d0,martineze26@gatech.edu,Evelyn Martinez,Student,2023-06-22 00:00:00
2772ef55-b7c0-4c7a-b80e-9a5605e69089,charlotte.martinez2@gatech.edu,Charlotte Martinez,Student,2023-01-01 00:00:00
a6cf7a04-c657-44e8-bd51-6c7bc1ce16d9,taylorv25@gatech.edu,Violet Taylor,Student,2023-09-14 00:00:00
4a1c2bf6-a174-45fc-b301-e2246ce4671e,nguyeng26@gatech.edu,Gabriel Nguyen,Student,2023-07-06 00:00:00
dd1c7b46-1a00-4070-a1c8-411a652cbdb4,jroberts44@student.gatech.edu,Jacob Roberts,Student,2023-04-21 00:00:00
31b89475-248c-4a09-8824-089d56b4771a,ataylor89@student.gatech.edu,Aria Taylor,Student,2023-04-23 00:00:00
98182365-2ae2-4cb8-9c4c-ba7c7ace07bd,mason.martin1@gatech.edu,Mason Martin,Student,2023-09-02 00:00:00
0da472d2-a6c0-45fc-ae18-bcbae708ea6d,hazel.lee1@gatech.edu,Hazel Lee,Student,2023-09-10 00:00:00
fb6e0f77-7152-4a8b-a87c-f3f7ac37b9d6,aclark72@student.gatech.edu,Abigail Clark,Student,2023-11-15 00:00:00
58213e6f-4cf4-46f0-8197-f07960359a14,wrighte24@gatech.edu,Elizabeth Wright,Student,2023-06-27 00:00:00
46e3671b-f038-41a2-832a-40b3e9a773b7,browne25@gatech.edu,Evelyn Brown,Student,2023-04-06 00:00:00
91a98998-ecb9-45df-b529-725d5877e43f,ava.martinez4@gatech.edu,Ava Martinez,Student,2023-07-22 00:00:00
25730c82-609d-490d-b1e3-ff7c66811de9,robinsonh24@gatech.edu,Hazel Robinson,Student,2023-10-28 00:00:00
7adad512-464f-4c85-830d-61cd544e6157,elee26@student.gatech.edu,Ethan Lee,Student,2023-10-04 00:00:00
c31bccd5-ae4c-49d1-aa23-ef2555fac828,irivera19@student.gatech.edu,Isabella Rivera,Student,2023-11-18 00:00:00
bd5ae195-534e-4907-b1d3-de3ba68b359c,jjackson97@student.gatech.edu,Jackson Jackson,Student,2023-02-21 00:00:00
df9b01db-8c94-462d-b727-aec3880f95b3,mcampbell70@student.gatech.edu,Mason Campbell,Student,2023-11-26 00:00:00
a2fcf00c-7f9e-4c11-a32c-3a0c6d900146,robinsonv24@gatech.edu,Victoria Robinson,Student,2023-10-27 00:00:00
98fd1f85-80ba-4ded-b0bc-0a88ef18d9f2,chall72@student.gatech.edu,Carter Hall,Student,2023-06-06 00:00:00
1782e790-b068-4c65-ad8e-a6de2d77dd5f,leah.taylor2@gatech.edu,Leah Taylor,Student,2023-05-14 00:00:00
32779354-2c85-4107-b2bd-4cec561bef01,taylore25@gatech.edu,Eleanor Taylor,Student,2023-08-12 00:00:00
c1ce5859-c646-453a-afe3-41bb60ea0e71,thomass24@gatech.edu,Samantha Thomas,Student,2023-04-28 00:00:00
da96bf93-3fbf-4ae8-b414-f8a96514c225,floresg26@gatech.edu,Gavin Flores,Student,2023-05-08 00:00:00
e56954f4-5082-4461-9160-ae5668f65e4b,sofia.green4@gatech.edu,Sofia Green,Student,2023-05-14 00:00:00
860b0136-319f-43a7-9db7-c5fb53feef85,gavin.johnson4@gatech.edu,Gavin Johnson,Student,2023-01-04 00:00:00
e4348472-5f2a-433d-9da5-461c2b1109cb,mwilson49@student.gatech.edu,Mason Wilson,Student,2023-09-04 00:00:00
145918b3-a64f-48e9-ac8f-30be220f690f,julian.martinez1@gatech.edu,Julian Martinez,Student,2023-12-22 00:00:00
49a3f3c9-1e8b-4756-9038-b7e28652d96f,gjackson27@student.gatech.edu,Gabriel Jackson,Student,2023-08-19 00:00:00
7de8e7fd-fbc3-4960-8a68-fd14f787257e,violet.miller4@gatech.edu,Violet Miller,Student,2023-10-14 00:00:00
fa835803-ca50-447b-8e61-a1613aaf9e88,scottg24@gatech.edu,Grayson Scott,Student,2023-01-11 00:00:00
dde8cffa-94e1-49f9-a886-5216029247eb,millerg24@gatech.edu,Gavin Miller,Student,2023-08-27 00:00:00
e4beaba1-d57d-4662-96f7-247ea3698d38,noah.jackson2@gatech.edu,Noah Jackson,Student,2023-01-25 00:00:00
55f3d820-c8d9-434e-b0d8-bc421f6e0d0b,ldavis10@student.gatech.edu,Lily Davis,Student,2023-08-27 00:00:00
19f32965-4d04-4df4-b844-66d17eb61ee6,mia.torres1@gatech.edu,Mia Torres,Student,2023-07-10 00:00:00
407e8c11-1ece-4810-966a-70e8ac94cf9c,lsanchez94@student.gatech.edu,Levi Sanchez,Student,2023-07-23 00:00:00
98047dfe-5b4c-4c65-82c1-c1e8414b53cd,riveram25@gatech.edu,Michael Rivera,Student,2023-04-20 00:00:00
0736bded-3700-4bec-bb21-d938533a2990,sanderson44@student.gatech.edu,Stella Anderson,Student,2023-09-09 00:00:00
34c03ea6-0518-4c17-b8d2-1eafde0cab52,greeng25@gatech.edu,Gavin Green,Student,2023-11-11 00:00:00
736b3c92-08c8-4864-8576-b00a38d71269,scottj25@gatech.edu,Julian Scott,Student,2023-04-21 00:00:00
5f2f6ee3-e3a8-4c30-b077-92d8f8fb1cab,grayson.allen2@gatech.edu,Grayson Allen,Student,2023-04-17 00:00:00
a974cca0-bcbb-47ce-bd3b-de1047a13ab1,stella.anderson3@gatech.edu,Stella Anderson,Student,2023-05-27 00:00:00
a77c0748-3636-464e-89ab-688f498f7b2b,swilson45@student.gatech.edu,Scarlett Wilson,Student,2023-03-25 00:00:00
951b49d1-39a3-4403-9975-6ece85101bff,ebaker48@student.gatech.edu,Emma Baker,Student,2023-08-24 00:00:00
08b22253-0140-4a04-b0e9-8bbc084977a9,swilliams89@student.gatech.edu,Samantha Williams,Student,2023-05-19 00:00:00
cbe4e7ab-b913-4011-815e-6dda31aeeb51,jayden.davis3@gatech.edu,Jayden Davis,Student,2023-03-01 00:00:00
6aa0b496-d06e-4c2d-8336-6e8381a18433,mia.baker4@gatech.edu,Mia Baker,Student,2023-09-27 00:00:00
0974f5bd-d80c-4dc5-beb4-f1ae5a73b136,riverac26@gatech.edu,Carter Rivera,Student,2023-08-21 00:00:00
5f16e6f9-de49-4eda-8436-2d1e68a076cd,robinsonm24@gatech.edu,Mason Robinson,Student,2023-07-04 00:00:00
9deba9e7-c380-481e-9d59-d61fe5d35a6b,gonzalezm25@gatech.edu,Michael Gonzalez,Student,2023-12-26 00:00:00
8164c336-68ff-4bf0-a0e6-6bc9001fbe2d,nmartinez36@student.gatech.edu,Noah Martinez,Student,2023-09-25 00:00:00
973b407c-48e8-4905-b002-0d5e18fe365d,imartin91@student.gatech.edu,Isaac Martin,Student,2023-09-18 00:00:00
7d7185e5-f812-4434-a6c2-3abfe93d15f7,thompsong25@gatech.edu,Grayson Thompson,Student,2023-02-25 00:00:00
b5b5598a-1d6a-41f7-ab61-1987e4647aea,garciaa26@gatech.edu,Aiden Garcia,Student,2023-04-04 00:00:00
0fc0938d-a080-4bde-b4db-4dbc7374c427,mitchella26@gatech.edu,Andrew Mitchell,Student,2023-03-08 00:00:00
04559c2d-6841-4b9a-948a-2ad192819e9f,riley.taylor2@gatech.edu,Riley Taylor,Student,2023-04-14 00:00:00
7aa15d00-cbd9-440b-a649-f6cc383de8bf,jharris37@student.gatech.edu,Joseph Harris,Student,2023-12-27 00:00:00
71d3a692-395a-4ae7-bae2-6c02e0df2c86,hrivera22@student.gatech.edu,Henry Rivera,Student,2023-10-18 00:00:00
ce082c7a-3961-44b0-a0a9-dbbf6fc56ba4,smiths24@gatech.edu,Sofia Smith,Student,2023-03-05 00:00:00
c598fe0a-c080-48e1-b95c-d61e4fab5cf9,nguyene24@gatech.edu,Elijah Nguyen,Student,2023-07-26 00:00:00
213327d4-d5bc-4904-9769-caa461540c00,jsmith57@student.gatech.edu,Jacob Smith,Student,2023-12-17 00:00:00
8cbf2746-d3ad-4114-b7f7-d8d8adcc24b9,violet.wilson4@gatech.edu,Violet Wilson,Student,2023-02-23 00:00:00
1cbe828f-92ca-4db6-b35f-ad437fb68c31,ohall22@student.gatech.edu,Owen Hall,Student,2023-05-17 00:00:00
37d7fb27-4162-49bf-8ebf-412a3e40c930,robinsonc24@gatech.edu,Carter Robinson,Student,2023-03-27 00:00:00
b5d45e23-18fc-4194-9b1e-01a571d9e027,david.hall4@gatech.edu,David Hall,Student,2023-02-10 00:00:00
0e9def07-af67-4117-a828-376df3dadba7,victoria.perez1@gatech.edu,Victoria Perez,Student,2023-07-20 00:00:00
12419f7e-eb44-4960-aba9-abbf51f5567f,gabriel.mitchell1@gatech.edu,Gabriel Mitchell,Student,2023-07-02 00:00:00
e38385bb-b6f8-4281-a146-40a88d8e8aaa,daniel.gonzalez3@gatech.edu,Daniel Gonzalez,Student,2023-10-22 00:00:00
fa452609-df8a-4c70-8c5b-7ab2e73a4d3e,gwright15@student.gatech.edu,Grayson Wright,Student,2023-12-21 00:00:00
470eee8a-dc42-4a09-83b3-790c16ed6b0c,david.flores2@gatech.edu,David Flores,Student,2023-01-23 00:00:00
f5dbebb0-db08-42d3-8a4f-4655f1fd1baf,dscott64@student.gatech.edu,Daniel Scott,Student,2023-11-29 00:00:00
67f6a6dc-2880-4fca-92bb-c2f4f9500307,smithj25@gatech.edu,Jacob Smith,Student,2023-04-27 00:00:00
95a38c8c-8bd3-41cb-a9a2-b60e5ddaf032,aubrey.harris4@gatech.edu,Aubrey Harris,Student,2023-12-13 00:00:00
fe30ce90-e121-47eb-b91d-5a1972735c17,davisv25@gatech.edu,Violet Davis,Student,2023-02-19 00:00:00
46ddb0c7-91f9-42cc-bfa1-3b1718c15141,ijones48@student.gatech.edu,Isabella Jones,Student,2023-04-26 00:00:00
252f13ee-77da-44b8-b228-a6d69c5560f4,luke.lee2@gatech.edu,Luke Lee,Student,2023-06-03 00:00:00
48d53436-a10a-43f8-adfd-4b5f3d55a7b4,samantha.lewis3@gatech.edu,Samantha Lewis,Student,2023-11-24 00:00:00
c0e5e6c4-4239-46ef-b547-d0d53138b81b,liam.torres2@gatech.edu,Liam Torres,Student,2023-08-09 00:00:00
4d2c2aed-e71a-4ebf-b8ec-180204f8c715,youngm24@gatech.edu,Matthew Young,Student,2023-09-01 00:00:00
fa2212d9-1e93-4f66-828e-b2a1c88b1803,torresh24@gatech.edu,Harper Torres,Student,2023-01-11 00:00:00
baf7baa3-cd0d-4408-ba6e-c6eb308077a1,ava.clark1@gatech.edu,Ava Clark,Student,2023-03-01 00:00:00
d809ab49-f285-42c0-829f-e7c29a3f2d05,campbellj26@gatech.edu,Joshua Campbell,Student,2023-11-10 00:00:00
eacea447-0dad-442c-8e41-a7403b7433df,martins24@gatech.edu,Samantha Martin,Student,2023-03-09 00:00:00
1651e374-bb04-4152-aa2f-95428ffbb291,halll25@gatech.edu,Lincoln Hall,Student,2023-02-20 00:00:00
df159189-69d6-4a74-92b9-9c4d20b46ba5,sophia.hernandez3@gatech.edu,Sophia Hernandez,Student,2023-06-24 00:00:00
35ae3eb6-831a-47b2-864a-c92d5f321dd3,eadams83@student.gatech.edu,Ella Adams,Student,2023-04-28 00:00:00
b370def8-50e2-4647-94f4-dde64ae03527,jack.rivera2@gatech.edu,Jack Rivera,Student,2023-09-18 00:00:00
8d97b42c-725e-46b7-a451-4329bdda52fa,ggarcia76@student.gatech.edu,Grayson Garcia,Student,2023-06-29 00:00:00
e2bab277-a0a2-498d-86ff-fd5fadb94a9e,isabella.moore2@gatech.edu,Isabella Moore,Student,2023-08-22 00:00:00
13f52de7-29a0-4410-b7bd-d225d9b27e8e,drodriguez78@student.gatech.edu,Dylan Rodriguez,Student,2023-02-23 00:00:00
7bb61bc9-25f1-41d3-83cb-96617294aadc,ewright24@student.gatech.edu,Elizabeth Wright,Student,2023-08-15 00:00:00
52040848-278f-4db2-8976-9b6de40d09fc,gabriel.wilson1@gatech.edu,Gabriel Wilson,Student,2023-08-29 00:00:00
0460781c-e7c3-482f-ad82-823cfd2e2883,sophia.wilson2@gatech.edu,Sophia Wilson,Student,2023-02-02 00:00:00
7b929c62-cc5e-42ec-89c6-5cbc6b10b071,hillv24@gatech.edu,Victoria Hill,Student,2023-05-07 00:00:00
233defa8-54ff-4afc-96a3-d16b6b0bd24d,sjones95@student.gatech.edu,Scarlett Jones,Student,2023-11-26 00:00:00
6fbfdfef-94ce-41af-9888-a8ddf3a24400,hernandezm24@gatech.edu,Mia Hernandez,Student,2023-01-31 00:00:00
a0c6dcf5-7f56-4733-9a2b-bbbca5d1be9a,anguyen72@student.gatech.edu,Aiden Nguyen,Student,2023-10-05 00:00:00
686e31b6-7dc9-4db8-a254-02577768d136,hmoore33@student.gatech.edu,Harper Moore,Student,2023-09-08 00:00:00
6add519f-8406-4da1-8e99-9924a48328cb,addison.allen3@gatech.edu,Addison Allen,Student,2023-09-14 00:00:00
73492391-afda-4b4e-ac87-6c9d3ffe9576,enguyen60@student.gatech.edu,Emily Nguyen,Student,2023-12-18 00:00:00
fe83311c-8883-4048-9037-de9430ff48a4,gjones45@student.gatech.edu,Grace Jones,Student,2023-04-19 00:00:00
86cd534f-b7a7-4772-9088-46ed82d7bce8,leah.white2@gatech.edu,Leah White,Student,2023-05-13 00:00:00
2ce785e0-710c-4591-a525-1f707ed2bc3e,john.campbell2@gatech.edu,John Campbell,Student,2023-01-23 00:00:00
8491df9f-1af7-45cd-a5da-8b0ad3d351b7,bakeri24@gatech.edu,Isaac Baker,Student,2023-04-20 00:00:00
872d9376-5723-433f-aacc-29d24aaa5944,bakerg25@gatech.edu,Grayson Baker,Student,2023-10-28 00:00:00
6da3bd13-0fac-4705-8e5e-0185d42978f1,hannah.king1@gatech.edu,Hannah King,Student,2023-10-11 00:00:00
b95ca732-948a-40d8-96dc-7c9f4af33e0d,eleanor.clark2@gatech.edu,Eleanor Clark,Student,2023-09-06 00:00:00
a80987dd-9547-4a48-a030-82ad942e73bd,eleanor.flores2@gatech.edu,Eleanor Flores,Student,2023-11-07 00:00:00
9484d2f1-24ef-431c-9730-512037bf5259,ccarter60@student.gatech.edu,Carter Carter,Student,2023-02-27 00:00:00
a58f5f4b-a791-44d9-aed8-ebf03aa86070,dylan.walker4@gatech.edu,Dylan Walker,Student,2023-08-03 00:00:00
7659736f-676d-4de8-9404-8aba16ff8ac5,floresj24@gatech.edu,Jack Flores,Student,2023-06-19 00:00:00
a0c49149-b94b-470b-8591-d2ffbcf8fc79,lhall34@student.gatech.edu,Liam Hall,Student,2023-04-14 00:00:00
cd532fc4-ee7c-4ac4-90dd-cb175ee46082,awilliams62@student.gatech.edu,Amelia Williams,Student,2023-03-31 00:00:00
518ded05-c10b-4b1a-a304-9eccf8a42826,wyatt.allen4@gatech.edu,Wyatt Allen,Student,2023-03-12 00:00:00
2db6b240-da74-444f-bbce-d6ccd1a89dfb,garciae24@gatech.edu,Ella Garcia,Student,2023-02-26 00:00:00
7e655351-ed67-4507-94ea-bb5b4b76376a,bakerd24@gatech.edu,David Baker,Student,2023-12-02 00:00:00
cb4af3ac-7c97-487f-9c78-eacc672a20f9,perezg25@gatech.edu,Grayson Perez,Student,2023-12-08 00:00:00
25b9736a-0be9-4e43-bdbc-2fdd8c4f1cb7,wrightv26@gatech.edu,Victoria Wright,Student,2023-08-21 00:00:00
a082c10a-e507-47cd-88d6-a9e3442fd82e,isanchez81@student.gatech.edu,Isabella Sanchez,Student,2023-03-13 00:00:00
c8cffd2f-9ef8-4f0d-852d-68b100b1b605,iwilliams90@student.gatech.edu,Isaac Williams,Student,2023-06-23 00:00:00
81bd6e35-14d9-4ac8-b768-4011a6fb0d09,clarki24@gatech.edu,Isabella Clark,Student,2023-03-29 00:00:00
c2e590ca-3beb-4d51-9732-6e645bd3d7a5,dgreen34@student.gatech.edu,Dylan Green,Student,2023-02-19 00:00:00
555da190-660b-4be3-a500-671f8bafb8b6,jayden.rodriguez3@gatech.edu,Jayden Rodriguez,Student,2023-03-13 00:00:00
130203f9-2675-4ba3-bb5b-df012c4f5624,isabella.taylor1@gatech.edu,Isabella Taylor,Student,2023-10-06 00:00:00
1e2d72bd-6262-48b1-819e-d34b318b618b,jlee83@student.gatech.edu,Jackson Lee,Student,2023-12-30 00:00:00
c8410e74-1212-42bf-a2e0-296e82dc0866,smiller39@student.gatech.edu,Samuel Miller,Student,2023-12-10 00:00:00
40cf6ffb-2900-49f6-84f1-8017abe6dd8b,bakern25@gatech.edu,Natalie Baker,Student,2023-06-12 00:00:00
acbc9bae-0e15-443f-b4f1-ef1825abe0c8,jackson.wright2@gatech.edu,Jackson Wright,Student,2023-08-08 00:00:00
abaa6300-9b9c-4acd-a41b-df3e04a2a491,gbrown14@student.gatech.edu,Gabriel Brown,Student,2023-01-08 00:00:00
319ccf43-c286-4020-a049-ca297e4686e1,gbaker61@student.gatech.edu,Grace Baker,Student,2023-12-01 00:00:00
8e8195fa-ec28-4baf-a56e-1faa13e74d38,sperez38@student.gatech.edu,Scarlett Perez,Student,2023-05-14 00:00:00
f16ee8d3-d370-4c66-99ba-03f7c2b671fc,ecarter88@student.gatech.edu,Evelyn Carter,Student,2023-02-24 00:00:00
ad88a20b-43c5-40fc-89bb-dbe4374b0a47,hgarcia27@student.gatech.edu,Harper Garcia,Student,2023-04-24 00:00:00
b51008e2-1bf5-41cd-b501-0083dfa232f8,aadams51@student.gatech.edu,Addison Adams,Student,2023-11-11 00:00:00
e006bfb3-0bca-4847-8e2c-ff939c034ac3,mia.garcia3@gatech.edu,Mia Garcia,Student,2023-04-07 00:00:00
4faaffc3-6e0a-4790-bb56-41c728fbfff4,aallen95@student.gatech.edu,Ava Allen,Student,2023-04-14 00:00:00
2e4bca37-aaf8-4ab5-bdef-dbd054e6bccc,riveram26@gatech.edu,Mia Rivera,Student,2023-01-27 00:00:00
b3cf6180-bb60-438b-ab8c-912434212042,lrivera23@student.gatech.edu,Lillian Rivera,Student,2023-01-17 00:00:00
1e82db93-67a9-4767-aa46-0a8116295823,lgreen59@student.gatech.edu,Luke Green,Student,2023-12-11 00:00:00
1ad087e8-5de5-44c0-a2a7-444936bbb384,jlopez88@student.gatech.edu,Jacob Lopez,Student,2023-06-21 00:00:00
f1e76bd6-fe71-4fcc-a442-ac4c19509493,stella.lopez1@gatech.edu,Stella Lopez,Student,2023-05-28 00:00:00
ab4ad6a3-e99d-433f-9bda-91e01aeb41e5,riverag25@gatech.edu,Grayson Rivera,Student,2023-01-24 00:00:00
c82cff62-424c-44eb-9f5d-11434c9b4e30,glee97@student.gatech.edu,Grace Lee,Student,2023-09-22 00:00:00
4aa9dace-d321-4f11-aded-a815218a4ed8,jacob.king4@gatech.edu,Jacob King,Student,2023-04-07 00:00:00
f84d8769-8fba-4849-9786-d9bd5497c7c4,riveral25@gatech.edu,Leah Rivera,Student,2023-06-06 00:00:00
722cf8cd-4416-4500-b082-97571797fb68,ehill65@student.gatech.edu,Ella Hill,Student,2023-12-10 00:00:00
3be47a25-8eb7-4cda-ade0-e643424ff7c6,gnelson79@student.gatech.edu,Grace Nelson,Student,2023-06-24 00:00:00
12ff6b46-942e-499e-ab88-ea42f82cbb3c,davisc25@gatech.edu,Carter Davis,Student,2023-06-01 00:00:00
8e02adcd-d770-42ff-982b-15c7bed8c4ab,lgarcia89@student.gatech.edu,Luke Garcia,Student,2023-07-23 00:00:00
c0da2c0e-78b0-4f70-a590-d30b8fa17c70,jtaylor43@student.gatech.edu,Joseph Taylor,Student,2023-02-20 00:00:00
53fb20bb-ac64-4238-8d49-08a55b14e9f6,henry.lopez2@gatech.edu,Henry Lopez,Student,2023-09-08 00:00:00
2e00ad3c-e9c5-482a-8e6d-0e5379f52228,violet.brown1@gatech.edu,Violet Brown,Student,2023-10-24 00:00:00
9da07127-4987-4bb5-a6f9-786aa49ddd46,jjohnson55@student.gatech.edu,Jayden Johnson,Student,2023-06-29 00:00:00
294dd332-4f68-4398-8987-2b1c99e9590a,dtaylor37@student.gatech.edu,David Taylor,Student,2023-02-24 00:00:00
70ada5ad-677e-41a4-8fa3-ef03fabb3332,lucas.adams2@gatech.edu,Lucas Adams,Student,2023-10-07 00:00:00
326f2513-69c9-4240-8fa9-0b69a6a983ca,thompsonn25@gatech.edu,Noah Thompson,Student,2023-05-11 00:00:00
42b47a07-ebd6-4234-8864-995f6f0ccb4b,elewis52@student.gatech.edu,Evelyn Lewis,Student,2023-02-05 00:00:00
21442a06-7e86-4628-bac6-7a40d6c3b3d8,nelsona26@gatech.edu,Aiden Nelson,Student,2023-01-05 00:00:00
95786235-3484-405a-ac2b-bff85c972975,jdavis35@student.gatech.edu,Julian Davis,Student,2023-11-23 00:00:00
e32d3f9e-de9b-420c-9321-52b779b978ba,levi.jackson2@gatech.edu,Levi Jackson,Student,2023-05-15 00:00:00
1a4e4b4d-b575-4461-8ce3-d0ea1a4c82f4,mharris52@student.gatech.edu,Mason Harris,Student,2023-06-27 00:00:00
54ab33c3-4acb-470a-a0eb-39af1a243a54,wadams78@student.gatech.edu,Wyatt Adams,Student,2023-02-18 00:00:00
03e1df68-b89d-4fd9-8df6-1397ad092195,erobinson45@student.gatech.edu,Ethan Robinson,Student,2023-11-22 00:00:00
77e487e4-3ad2-4ca0-aefb-e6241d0d4238,mason.campbell3@gatech.edu,Mason Campbell,Student,2023-06-27 00:00:00
2aec59dc-288c-4aee-9895-a46ee197a80b,andersono25@gatech.edu,Owen Anderson,Student,2023-09-30 00:00:00
815fd724-121e-4e4f-aa04-651e29e3477d,smithd26@gatech.edu,Dylan Smith,Student,2023-10-27 00:00:00
07afa45c-d903-4c9e-897c-d3a4f5ed1bb8,hrivera90@student.gatech.edu,Hannah Rivera,Student,2023-12-13 00:00:00
851eb7c2-85b2-4cfe-878c-11f2d5cbb10f,sflores53@student.gatech.edu,Samuel Flores,Student,2023-01-24 00:00:00
0da32c4a-bd00-4ff2-b9a7-296e052b4526,lily.rodriguez1@gatech.edu,Lily Rodriguez,Student,2023-09-01 00:00:00
1d77a341-e090-4eed-85a7-a2f55352ba70,johnsonj24@gatech.edu,Jacob Johnson,Student,2023-07-07 00:00:00
ef621de5-9f66-4dc0-99d5-cc82a615a093,bakera26@gatech.edu,Aiden Baker,Student,2023-05-01 00:00:00
323e0e3c-2b38-42f2-8ee3-0ee6d0865932,lclark46@student.gatech.edu,Luke Clark,Student,2023-03-25 00:00:00
8d39d390-5a64-4945-8244-231ad0176e52,walkere25@gatech.edu,Ethan Walker,Student,2023-06-07 00:00:00
a47b9bc3-07ef-4772-a7d6-0f56230401ed,harper.taylor1@gatech.edu,Harper Taylor,Student,2023-02-14 00:00:00
2b1b6008-478a-4b1f-b047-5cc2b6a8d710,hallm24@gatech.edu,Michael Hall,Student,2023-05-25 00:00:00
59905f4e-e820-48fc-91a4-eb0535fda603,olivia.wright4@gatech.edu,Olivia Wright,Student,2023-02-21 00:00:00
973bc97c-4a06-4383-b9e2-b764cb7de608,david.hall1@gatech.edu,David Hall,Student,2023-01-10 00:00:00
39162856-c9ed-43f7-88ed-b2bcde14960b,perezv26@gatech.edu,Victoria Perez,Student,2023-07-12 00:00:00
9687d45c-1982-44c7-9220-6a2eec7d0cb8,bakerl25@gatech.edu,Levi Baker,Student,2023-10-16 00:00:00
fca849ad-c9ea-42fe-8550-08a24ba0a065,ayoung44@student.gatech.edu,Aubrey Young,Student,2023-09-02 00:00:00
dc0801f5-c415-488c-b058-7df4549ef390,owen.clark2@gatech.edu,Owen Clark,Student,2023-12-03 00:00:00
e5f94a38-0e10-4525-ad4d-e7d9b19e8e7f,esmith13@student.gatech.edu,Emma Smith,Student,2023-11-29 00:00:00
31d296ed-c584-4492-9593-743385c6ad1b,lmitchell96@student.gatech.edu,Lucas Mitchell,Student,2023-09-15 00:00:00
c4f966c3-7a52-4097-b185-d12d27c9a411,ewilliams65@student.gatech.edu,Elizabeth Williams,Student,2023-03-19 00:00:00
331e22db-364e-4b41-9474-ac43e8af63a5,olivia.jackson4@gatech.edu,Olivia Jackson,Student,2023-03-22 00:00:00
5aa59bb7-6217-4ed4-a27f-eb0facb25a6c,wwright76@student.gatech.edu,Wyatt Wright,Student,2023-12-10 00:00:00
b21330fb-1591-413b-b354-fdcd67aa87fa,elijah.davis1@gatech.edu,Elijah Davis,Student,2023-11-28 00:00:00
277dc37b-9657-4a89-b4c1-5465bd49237c,matthew.rodriguez1@gatech.edu,Matthew Rodriguez,Student,2023-04-28 00:00:00
fdafe4c7-dcc9-4b58-9497-15e7e1081573,charlotte.thomas2@gatech.edu,Charlotte Thomas,Student,2023-07-14 00:00:00
bcd4b1b1-3774-45a1-959b-2f65a96373fa,hannah.smith2@gatech.edu,Hannah Smith,Student,2023-07-30 00:00:00
644345de-a071-4011-9277-6a06e232ab8a,smithl24@gatech.edu,Lucas Smith,Student,2023-05-26 00:00:00
b40e0902-ce44-4fd1-b30c-9a5ad491269d,nelsone24@gatech.edu,Elijah Nelson,Student,2023-01-30 00:00:00
ebc50fca-c399-4836-a45b-bed37db9bd66,sophia.taylor1@gatech.edu,Sophia Taylor,Student,2023-12-07 00:00:00
4950bb4e-6217-4035-b574-e982f37ec75d,noah.rivera4@gatech.edu,Noah Rivera,Student,2023-10-09 00:00:00
009f1499-4b8f-44ae-952b-8c39207ce894,leej24@gatech.edu,John Lee,Student,2023-12-15 00:00:00
e0de6480-c522-4ae2-9a5d-73ec896ab49d,olee80@student.gatech.edu,Owen Lee,Student,2023-09-15 00:00:00
d1ad2aa0-0181-4837-85e4-19f0388cc469,charlotte.lee2@gatech.edu,Charlotte Lee,Student,2023-11-14 00:00:00
93f88e37-f178-4d3e-a8fc-64dca0ec98c7,lucas.baker3@gatech.edu,Lucas Baker,Student,2023-08-28 00:00:00
d2fd4937-542a-4327-a791-df2222bdf827,lbrown81@student.gatech.edu,Luke Brown,Student,2023-11-19 00:00:00
a3924e91-cf59-4f24-800a-93813689503b,florese25@gatech.edu,Ella Flores,Student,2023-04-14 00:00:00
6c2162ed-4611-427a-8b5d-4ac8c70ea72d,jbaker68@student.gatech.edu,Joseph Baker,Student,2023-08-26 00:00:00
404e0af4-bcf5-4f18-a459-081b409b45f5,samantha.smith4@gatech.edu,Samantha Smith,Student,2023-05-11 00:00:00
29e66460-b124-4535-908a-3311313840db,garcian26@gatech.edu,Natalie Garcia,Student,2023-12-19 00:00:00
36b2877d-2df6-4bc7-b9b2-182d9bcd702f,hilll24@gatech.edu,Lincoln Hill,Student,2023-11-06 00:00:00
4d7e7d96-b3c2-40a8-98b0-8cc8b2f8b138,allenh24@gatech.edu,Hazel Allen,Student,2023-04-22 00:00:00
86e2fdd8-bc6b-4b86-9a7d-211b3a5a965c,hillz26@gatech.edu,Zoey Hill,Student,2023-08-05 00:00:00
a7434296-afc7-426d-8d89-15aba12904e2,lwhite80@student.gatech.edu,Lincoln White,Student,2023-08-05 00:00:00
7d92ef5c-3fd0-462d-a3fe-d5ec43d05ea3,amelia.brown1@gatech.edu,Amelia Brown,Student,2023-02-02 00:00:00
14ab69f8-9ed5-464c-b678-59443cec8552,stella.rodriguez3@gatech.edu,Stella Rodriguez,Student,2023-05-05 00:00:00
553e1da3-25c0-473b-b764-c821275b55c4,rodriguezg26@gatech.edu,Gavin Rodriguez,Student,2023-09-08 00:00:00
56f74676-d7dc-4d0f-aea8-60cc6b738ee3,lthomas25@student.gatech.edu,Leah Thomas,Student,2023-11-29 00:00:00
894992d2-c076-408a-b5ff-73e890b84431,pereza24@gatech.edu,Amelia Perez,Student,2023-01-06 00:00:00
017ce5d3-7d7b-4786-b3b8-640de250b44a,lroberts15@student.gatech.edu,Levi Roberts,Student,2023-12-03 00:00:00
49d9c29b-3b2e-4074-a3c4-cea7c3c05d22,enelson16@student.gatech.edu,Evelyn Nelson,Student,2023-03-05 00:00:00
a4b2f49d-e4c7-4962-bf48-aa91c8618861,ogarcia56@student.gatech.edu,Owen Garcia,Student,2023-09-16 00:00:00
43df3770-4001-44df-bd64-1ed324b028f3,martinj24@gatech.edu,John Martin,Student,2023-12-18 00:00:00
28573303-1789-4154-af84-d7aae2ad914c,ggarcia16@student.gatech.edu,Grayson Garcia,Student,2023-03-09 00:00:00
4f624b2c-450b-433b-ace7-09fd21f67e8e,jonese25@gatech.edu,Elizabeth Jones,Student,2023-12-14 00:00:00
1e05a0b4-ce43-46a1-92cf-27c045c33282,hillc25@gatech.edu,Charlotte Hill,Student,2023-04-25 00:00:00
6cbdf27c-2136-47b9-919e-b33786ac0cf7,gavin.gonzalez4@gatech.edu,Gavin Gonzalez,Student,2023-09-17 00:00:00
c7428a08-2b3f-4cb4-838a-6d01d79eb42e,wrightl26@gatech.edu,Liam Wright,Student,2023-08-21 00:00:00
